plan,time_ns,channel,sigma_mhz,num_samples,excess_infidelity,standard_error,first_order
adam_70ns,70,delta_1,1,4000,0.00106876,3.30597e-05,0.00110578
adam_70ns,70,delta_2,1,4000,0.00108058,3.2048e-05,0.00110578
adam_70ns,70,f_1,1,4000,0.006866,9.09783e-05,0.00694861
adam_70ns,70,f_2,1,4000,0.00676591,8.39764e-05,0.00694882
adam_70ns,70,g,1,4000,0.00472475,6.41782e-05,0.00474023
adam_70ns,70,eta,1,4000,6.488e-07,3.11856e-08,7.11466e-07
adam_60ns,60,delta_1,1,4000,0.000906647,2.2097e-05,0.000947805
adam_60ns,60,delta_2,1,4000,0.000932717,1.96631e-05,0.000947804
adam_60ns,60,f_1,1,4000,0.00585296,6.96016e-05,0.00595945
adam_60ns,60,f_2,1,4000,0.00586251,7.57409e-05,0.0059584
adam_60ns,60,g,1,4000,0.00412099,0.000161703,0.00406312
adam_60ns,60,eta,1,4000,6.78871e-07,4.67363e-08,5.94922e-07
trpo_nominal,116,delta_1,1,4000,0.00183896,3.39717e-05,0.001832
trpo_nominal,116,delta_2,1,4000,0.0017882,3.39575e-05,0.001832
trpo_nominal,116,f_1,1,4000,0.0115018,0.000123391,0.0115228
trpo_nominal,116,f_2,1,4000,0.0114664,0.000124477,0.0115235
trpo_nominal,116,g,1,4000,0.00787987,0.000156504,0.00785889
trpo_nominal,116,eta,1,4000,3.75588e-07,2.16362e-08,3.65166e-07
trpo_noise,98,delta_1,1,4000,0.00158255,2.84122e-05,0.00154776
trpo_noise,98,delta_2,1,4000,0.0015254,2.57453e-05,0.00154776
trpo_noise,98,f_1,1,4000,0.0095804,0.000110404,0.00973503
trpo_noise,98,f_2,1,4000,0.00947209,9.69674e-05,0.00973358
trpo_noise,98,g,1,4000,0.00666547,0.000159652,0.00663909
trpo_noise,98,eta,1,4000,3.83436e-07,3.95559e-08,3.7681e-07
trpo_noise_it091,104,delta_1,1,4000,0.00161744,2.73639e-05,0.00164249
trpo_noise_it091,104,delta_2,1,4000,0.00161781,2.67315e-05,0.00164249
trpo_noise_it091,104,f_1,1,4000,0.0101738,0.000104378,0.0103309
trpo_noise_it091,104,f_2,1,4000,0.0101519,0.000107142,0.0103301
trpo_noise_it091,104,g,1,4000,0.00685804,0.000190836,0.00704583
trpo_noise_it091,104,eta,1,4000,3.58309e-07,3.10658e-08,3.39257e-07
