plan,time_ns,noise_interval_ns,sigma_mhz,num_samples,excess_infidelity,standard_error,first_order,first_order_rate_per_ns,first_order_ratio_to_2ns
adam_70ns,70,0.5,1,4000,0.0065072,4.99189e-05,0.00652321,9.31888e-05,0.312865
adam_70ns,70,1,1,4000,0.0122404,8.81753e-05,0.0124324,0.000177606,0.59628
adam_70ns,70,2,1,4000,0.0202733,0.000149745,0.0208499,0.000297856,1
adam_70ns,70,4,1,4000,0.0265619,0.000244296,0.0276767,0.000395382,1.32743
adam_70ns,70,8,1,4000,0.0518702,0.000459398,0.053494,0.0007642,2.56567
adam_60ns,60,0.5,1,4000,0.00552778,8.64007e-05,0.00559149,9.31915e-05,0.312773
adam_60ns,60,1,1,4000,0.0104873,0.000128839,0.0106574,0.000177623,0.596146
adam_60ns,60,2,1,4000,0.0177026,0.000192096,0.0178772,0.000297953,1
adam_60ns,60,4,1,4000,0.0232813,0.000288984,0.0238599,0.000397665,1.33466
adam_60ns,60,8,1,4000,0.0427494,0.00047492,0.0452822,0.000754704,2.53296
trpo_nominal,116,0.5,1,4000,0.0107648,8.60646e-05,0.0108117,9.32042e-05,0.312752
trpo_nominal,116,1,1,4000,0.0201261,0.000147716,0.0206078,0.000177653,0.596125
trpo_nominal,116,2,1,4000,0.0330918,0.00023732,0.0345695,0.000298013,1
trpo_nominal,116,4,1,4000,0.044321,0.000369692,0.0461502,0.000397846,1.335
trpo_nominal,116,8,1,4000,0.0837507,0.00066978,0.0891169,0.000768249,2.5779
trpo_noise,98,0.5,1,4000,0.0089025,8.8084e-05,0.00913386,9.32026e-05,0.312765
trpo_noise,98,1,1,4000,0.0168983,0.000140904,0.0174095,0.000177648,0.596143
trpo_noise,98,2,1,4000,0.0284956,0.000224868,0.0292036,0.000297996,1
trpo_noise,98,4,1,4000,0.0378284,0.000343939,0.0387502,0.000395411,1.3269
trpo_noise,98,8,1,4000,0.0698154,0.000573544,0.0755711,0.000771134,2.58773
trpo_noise_it091,104,0.5,1,4000,0.00960672,0.000103168,0.00969319,9.32037e-05,0.312763
trpo_noise_it091,104,1,1,4000,0.01796,0.000157297,0.0184757,0.000177651,0.59614
trpo_noise_it091,104,2,1,4000,0.0299852,0.000240939,0.0309922,0.000298001,1
trpo_noise_it091,104,4,1,4000,0.0395493,0.000385026,0.0413466,0.000397563,1.3341
trpo_noise_it091,104,8,1,4000,0.0752316,0.000647612,0.0812189,0.000780951,2.62063
